primer_name,seq,direction,plate_name
PB0001_M13F ,TCAGACGATGCGTCAT,F,A
PB0002_M13F ,CTATACATGACTCTGC,F,A
PB0003_M13F ,TACTAGAGTAGCACTC,F,A
PB0004_M13F ,TGTGTATCAGTACATG,F,A
PB0005_M13F ,ACACGCATGACACACT,F,A
PB0006_M13F ,GATCTCTACTATATGC,F,A
PB0007_M13F ,ACAGTCTATACTGCTG,F,A
PB0008_M13F ,ATGATGTGCTACATCT,F,A
PB0009_M13F ,CTGCGTGCTCTACGAC,F,A
PB0010_M13F ,GCGCGATACGATGACT,F,A
PB0011_M13F ,CGCGCTCAGCTGATCG,F,A
PB0012_M13F ,GCGCACGCACTACAGA,F,A
PB0376_M13R,GAGACACGTCGCACAC,R,A
PB0377_M13R,ACAGAGTGTGCAGATA,R,A
PB0378_M13R,TAGAGCGTCTCTCGTA,R,A
PB0379_M13R,TCTATGAGCACTCTCG,R,A
PB0380_M13R,ATGTGTATATAGATAT,R,A
PB0381_M13R,CTCACACTCTCTCACA,R,A
PB0382_M13R,TCAGCGCACTGTGCTG,R,A
PB0383_M13R,GTGCATACATACATAT,R,A
PB0001_M13F ,TCAGACGATGCGTCAT,F,B
PB0002_M13F ,CTATACATGACTCTGC,F,B
PB0003_M13F ,TACTAGAGTAGCACTC,F,B
PB0004_M13F ,TGTGTATCAGTACATG,F,B
PB0005_M13F ,ACACGCATGACACACT,F,B
PB0006_M13F ,GATCTCTACTATATGC,F,B
PB0007_M13F ,ACAGTCTATACTGCTG,F,B
PB0008_M13F ,ATGATGTGCTACATCT,F,B
PB0009_M13F ,CTGCGTGCTCTACGAC,F,B
PB0010_M13F ,GCGCGATACGATGACT,F,B
PB0011_M13F ,CGCGCTCAGCTGATCG,F,B
PB0012_M13F ,GCGCACGCACTACAGA,F,B
PB0368_M13R,TAGATCTATCATCGTC,R,B
PB0369_M13R,ACATATACAGCGTATC,R,B
PB0370_M13R,CGCTCATATGAGCTCA,R,B
PB0371_M13R,GTCGCGCATAGAGCGC,R,B
PB0372_M13R,TACACACTATGTGCGT,R,B
PB0373_M13R,ATACGCGCGCGCATGC,R,B
PB0374_M13R,GTGCGCGAGAGTATAC,R,B
PB0375_M13R,GCGCTAGTGTGTACGA,R,B
PB0013_M13F ,ACACTGACGTCGCGAC,F,C
PB0014_M13F ,CGTCTATATACGTATA,F,C
PB0015_M13F ,ATAGAGACTCAGAGCT,F,C
PB0016_M13F ,TAGATGCGAGAGTAGA,F,C
PB0017_M13F ,CATAGCGACTATCGTG,F,C
PB0018_M13F ,CATCACTACGCTAGAT,F,C
PB0019_M13F ,CGCATCTGTGCATGCA,F,C
PB0020_M13F ,TATGTGATCGTCTCTC,F,C
PB0021_M13F ,GTACACGCTGTGACTA,F,C
PB0022_M13F ,CGTGTCGCGCATATCT,F,C
PB0023_M13F ,ATATCAGTCATGCATA,F,C
PB0024_M13F ,GAGATCGACAGTCTCG,F,C
PB0368_M13R,TAGATCTATCATCGTC,R,C
PB0369_M13R,ACATATACAGCGTATC,R,C
PB0370_M13R,CGCTCATATGAGCTCA,R,C
PB0371_M13R,GTCGCGCATAGAGCGC,R,C
PB0372_M13R,TACACACTATGTGCGT,R,C
PB0373_M13R,ATACGCGCGCGCATGC,R,C
PB0374_M13R,GTGCGCGAGAGTATAC,R,C
PB0375_M13R,GCGCTAGTGTGTACGA,R,C